date,price
01/10/2013,123.65499
02/10/2013,125.455
03/10/2013,108.58483
04/10/2013,118.67466
05/10/2013,121.33866
06/10/2013,120.65533
07/10/2013,121.795
08/10/2013,123.033
09/10/2013,124.049
10/10/2013,125.96116
11/10/2013,125.27966
12/10/2013,125.9275
13/10/2013,126.38333
14/10/2013,135.24199
15/10/2013,133.20333
16/10/2013,142.76333
17/10/2013,137.92333
18/10/2013,142.95166
19/10/2013,152.55183
20/10/2013,160.33883
21/10/2013,164.31499
22/10/2013,177.63333
23/10/2013,188.29716
24/10/2013,200.70166
25/10/2013,180.355
26/10/2013,175.03166
27/10/2013,177.6965
28/10/2013,187.15983
29/10/2013,192.75666
30/10/2013,197.4
31/10/2013,196.02499
01/11/2013,198.04883
02/11/2013,198.93233
03/11/2013,200.543
04/11/2013,210.3075
05/11/2013,225.02
06/11/2013,248.25333
07/11/2013,262.32666
08/11/2013,294.48699
09/11/2013,331.10325
10/11/2013,285.8875
11/11/2013,304.97974
12/11/2013,338.137
13/11/2013,357.48
14/11/2013,402.954
15/11/2013,409.10375
16/11/2013,420.21649
17/11/2013,437.29725
18/11/2013,510.6025
19/11/2013,693.65
20/11/2013,531.54249
21/11/2013,574.71599
22/11/2013,681.33
23/11/2013,774.18
24/11/2013,746.19374
25/11/2013,768.8475
26/11/2013,789.36475
27/11/2013,893.1815
28/11/2013,934.355
29/11/2013,1068.363
30/11/2013,1154.92593
01/12/2013,1099.51926
02/12/2013,1019.78966
03/12/2013,1028.845
04/12/2013,1071.2848
05/12/2013,1139.33083
06/12/2013,1004.61633
07/12/2013,759.43041
08/12/2013,689.81
09/12/2013,841.83966
10/12/2013,916.77599
11/12/2013,967.42866
12/12/2013,866.29003
13/12/2013,911.23204
14/12/2013,889.81946
15/12/2013,848.9975
16/12/2013,868.95316
17/12/2013,653.80483
18/12/2013,654.06266
19/12/2013,553.69166
20/12/2013,693.05883
21/12/2013,649.38965
22/12/2013,595.95883
23/12/2013,647.68316
24/12/2013,671.58116
25/12/2013,659.84333
26/12/2013,702.00083
27/12/2013,758.01016
28/12/2013,734.01166
29/12/2013,717.92623
30/12/2013,752.82022
31/12/2013,744.17249
01/01/2014,768.40783
02/01/2014,769.09849
03/01/2014,804.02719
04/01/2014,813.31748
05/01/2014,871.11583
06/01/2014,970.65083
07/01/2014,962.46447
08/01/2014,855.75933
09/01/2014,860.84166
10/01/2014,847.5325
11/01/2014,892.26115
12/01/2014,916.69666
13/01/2014,873.27168
14/01/2014,863.69888
15/01/2014,853.25666
16/01/2014,874.07416
17/01/2014,842.19173
18/01/2014,834.86666
19/01/2014,838.42916
20/01/2014,881.87583
21/01/2014,873.28916
22/01/2014,874.13266
23/01/2014,864.56116
24/01/2014,838.14997
25/01/2014,834.57416
26/01/2014,858.12641
27/01/2014,887.08337
28/01/2014,830.53133
29/01/2014,832.89496
30/01/2014,832.87399
31/01/2014,841.48914
01/02/2014,847.36383
02/02/2014,854.7225
03/02/2014,856.03366
04/02/2014,847.70697
05/02/2014,844.28836
06/02/2014,802.75333
07/02/2014,748.43559
08/02/2014,692.66914
09/02/2014,668.86463
10/02/2014,700.44843
11/02/2014,694.3125
12/02/2014,665.7975
13/02/2014,645.615
14/02/2014,578.4125
15/02/2014,641.91
16/02/2014,656.2725
17/02/2014,611.04499
18/02/2014,634.99
19/02/2014,618.79
20/02/2014,619.8425
21/02/2014,545.7625
22/02/2014,561.535
23/02/2014,622.22
24/02/2014,572.7675
25/02/2014,501.155
26/02/2014,550.6025
27/02/2014,573.1025
28/02/2014,567.2925
01/03/2014,551.73
02/03/2014,560.195
03/03/2014,567.7
04/03/2014,666.1475
05/03/2014,660.84
06/03/2014,662.0225
07/03/2014,651.285
08/03/2014,612.33
09/03/2014,611.1625
10/03/2014,637.615
11/03/2014,626
12/03/2014,633.74749
13/03/2014,631.755
14/03/2014,636.41414
15/03/2014,628.18751
16/03/2014,632.95333
17/03/2014,630.34833
18/03/2014,617.24333
19/03/2014,616.86665
20/03/2014,601.015
21/03/2014,581.33333
22/03/2014,570.36168
23/03/2014,562.95333
24/03/2014,557.16833
25/03/2014,573.34998
26/03/2014,572.49161
27/03/2014,570.54833
28/03/2014,509.70665
29/03/2014,499.24998
30/03/2014,486.80845
31/03/2014,472.4783
01/04/2014,464.88
02/04/2014,480.16581
03/04/2014,427.87498
04/04/2014,432.99716
05/04/2014,453.87148
06/04/2014,462.445
07/04/2014,456.46948
08/04/2014,452.81
09/04/2014,450.48083
10/04/2014,426.98333
11/04/2014,374.59166
12/04/2014,438.24666
13/04/2014,423.51566
14/04/2014,409.03166
15/04/2014,455.28316
16/04/2014,517.09666
17/04/2014,522.455
18/04/2014,490.8785
19/04/2014,469.38332
20/04/2014,507.80663
21/04/2014,505.09665
22/04/2014,497.65001
23/04/2014,487.84
24/04/2014,487.11333
25/04/2014,469.08816
26/04/2014,448.77834
27/04/2014,452.14829
28/04/2014,426.78166
29/04/2014,432.60498
30/04/2014,444.85668
01/05/2014,454.55666
02/05/2014,453.59833
03/05/2014,441.97833
04/05/2014,438.29035
05/05/2014,432.78748
06/05/2014,418.61831
07/05/2014,428.42593
08/05/2014,442.57666
09/05/2014,439.04
10/05/2014,449.04333
11/05/2014,449.74166
12/05/2014,434.27
13/05/2014,437
14/05/2014,438.88
15/05/2014,445.045
16/05/2014,443.18
17/05/2014,445.60666
18/05/2014,445.15666
19/05/2014,444.73833
20/05/2014,455.65333
21/05/2014,489.86999
22/05/2014,490.18666
23/05/2014,522.31
24/05/2014,512.30833
25/05/2014,533.92999
26/05/2014,579.59333
27/05/2014,581.51
28/05/2014,572.44833
29/05/2014,562.4
30/05/2014,571.845
31/05/2014,612.12666
01/06/2014,638.16333
02/06/2014,634.98333
03/06/2014,660.24666
04/06/2014,627.79833
05/06/2014,642.89166
06/06/2014,652.52666
07/06/2014,648.60166
08/06/2014,652.59166
09/06/2014,652.11
10/06/2014,644.085
11/06/2014,642.00666
12/06/2014,632.55
13/06/2014,585.48333
14/06/2014,588.52333
15/06/2014,570.28833
16/06/2014,589.06666
17/06/2014,592.25666
18/06/2014,610.41333
19/06/2014,601.88666
20/06/2014,594.09333
21/06/2014,582.04499
22/06/2014,599.57
23/06/2014,592.405
24/06/2014,584.64166
25/06/2014,575.905
26/06/2014,571.76666
27/06/2014,582.43166
28/06/2014,597.66833
29/06/2014,598.73333
30/06/2014,597.51333
01/07/2014,647.12249
02/07/2014,637.85625
03/07/2014,642.65125
04/07/2014,643.95124
05/07/2014,628.41625
06/07/2014,631.03
07/07/2014,631.29875
08/07/2014,621.24249
09/07/2014,620.72
10/07/2014,621.3075
11/07/2014,616.83124
12/07/2014,634.35749
13/07/2014,627.69
14/07/2014,621.42499
15/07/2014,618.73875
16/07/2014,619.8075
17/07/2014,614.68875
18/07/2014,623.49749
19/07/2014,623.99625
20/07/2014,623.00625
21/07/2014,617.96124
22/07/2014,622.10749
23/07/2014,618.4475
24/07/2014,617.6875
25/07/2014,602.93125
26/07/2014,597.585
27/07/2014,592.96375
28/07/2014,580.11
29/07/2014,585.44875
30/07/2014,580.5175
31/07/2014,564.57
01/08/2014,583.39
02/08/2014,593.80625
03/08/2014,581.52
04/08/2014,585.80125
05/08/2014,582.33375
06/08/2014,582.52125
07/08/2014,583.62375
08/08/2014,595.80875
09/08/2014,585.39625
10/08/2014,586.05875
11/08/2014,588.7525
12/08/2014,566.31625
13/08/2014,565.55125
14/08/2014,534.54
15/08/2014,511.4725
16/08/2014,487.56625
17/08/2014,516.62625
18/08/2014,489.4675
19/08/2014,455.91625
20/08/2014,472.91
21/08/2014,519.015
22/08/2014,508.12875
23/08/2014,507.51
24/08/2014,501.63125
25/08/2014,503.32125
26/08/2014,504.62625
27/08/2014,513.39125
28/08/2014,514.62375
29/08/2014,506.025
30/08/2014,504.70625
31/08/2014,502.055
01/09/2014,474.5425
02/09/2014,477.98375
03/09/2014,476.88375
04/09/2014,475.65
05/09/2014,485.65125
06/09/2014,480.9075
07/09/2014,481.88375
08/09/2014,473.58625
09/09/2014,468.5775
10/09/2014,474.29125
11/09/2014,479.4175
12/09/2014,473.6725
13/09/2014,471.5325
14/09/2014,475.37875
15/09/2014,475.02125
16/09/2014,471.08375
17/09/2014,464.55375
18/09/2014,449.95875
19/09/2014,425.4475
20/09/2014,410.08
21/09/2014,405.79625
22/09/2014,399.0975
23/09/2014,399.5025
24/09/2014,427.8125
25/09/2014,416.12
26/09/2014,410.15
27/09/2014,403.4975
28/09/2014,398.84
29/09/2014,377.97875
30/09/2014,376.08375
01/10/2014,387.94
02/10/2014,381.7475
03/10/2014,372.0575
04/10/2014,360.7525
05/10/2014,335.98125
06/10/2014,308.07875
07/10/2014,337.23375
08/10/2014,326.2325
09/10/2014,351.34625
10/10/2014,368.59625
11/10/2014,359.2025
12/10/2014,356.99875
13/10/2014,371.15625
14/10/2014,392.7825
15/10/2014,396.34625
16/10/2014,392.56625
17/10/2014,376.26875
18/10/2014,378.675
19/10/2014,390.95875
20/10/2014,381.72375
21/10/2014,380.0575
22/10/2014,382.93875
23/10/2014,376.59
24/10/2014,351.7825
25/10/2014,353.6325
26/10/2014,345.1925
27/10/2014,350.9775
28/10/2014,349.79625
29/10/2014,348.9025
30/10/2014,335.53625
31/10/2014,343.55875
01/11/2014,338.0105
02/11/2014,325.22633
03/11/2014,331.60083
04/11/2014,324.71833
05/11/2014,332.45666
06/11/2014,336.585
07/11/2014,346.775
08/11/2014,344.81166
09/11/2014,343.065
10/11/2014,358.50166
11/11/2014,368.07666
12/11/2014,376.99666
13/11/2014,442.10666
14/11/2014,389.00333
15/11/2014,394.92666
16/11/2014,377.08
17/11/2014,400.47166
18/11/2014,384.93
19/11/2014,375.83333
20/11/2014,376.16
21/11/2014,348.565
22/11/2014,352.42
23/11/2014,356.8
24/11/2014,367.83
25/11/2014,381.20666
26/11/2014,375.498
27/11/2014,372.819
28/11/2014,368.983
29/11/2014,375.44
30/11/2014,376.851
01/12/2014,376.13218
02/12/2014,377.862
03/12/2014,382.452
04/12/2014,376.382
05/12/2014,368.3618
06/12/2014,373.414
07/12/2014,373.744
08/12/2014,373.155
09/12/2014,357.884
10/12/2014,348.898
11/12/2014,341.041
12/12/2014,348.272
13/12/2014,346.742
14/12/2014,347.348
15/12/2014,348.674
16/12/2014,338.547
17/12/2014,330.536
18/12/2014,317.405
19/12/2014,306.45999
20/12/2014,319.196
21/12/2014,321.89299
22/12/2014,320.03499
23/12/2014,328.701
24/12/2014,332.053
25/12/2014,321.386
26/12/2014,318.563
27/12/2014,320.868
28/12/2014,316.009
29/12/2014,315.64
30/12/2014,313.994
31/12/2014,309.903
01/01/2015,317.204
02/01/2015,314.49899
03/01/2015,311.14099
04/01/2015,277.853
05/01/2015,270.813
06/01/2015,272.0175
07/01/2015,283.84125
08/01/2015,290.485
09/01/2015,281.03625
10/01/2015,286.688
11/01/2015,277.64999
12/01/2015,268.10199
13/01/2015,243.081
14/01/2015,219.128
15/01/2015,193.3511
16/01/2015,220.5745
17/01/2015,209.1655
18/01/2015,195.59467
19/01/2015,212.2711
20/01/2015,211.5401
21/01/2015,212.28249
22/01/2015,230.6754
23/01/2015,226.30419
24/01/2015,231.4242
25/01/2015,251.606
26/01/2015,283.59769
27/01/2015,258.5374
28/01/2015,257.447
29/01/2015,235.948
30/01/2015,233.141
31/01/2015,226.94116
01/02/2015,216.66066
02/02/2015,229.80441
03/02/2015,237.65175
04/02/2015,225.83858
05/02/2015,226.554
06/02/2015,219.75625
07/02/2015,225.46666
08/02/2015,225.73291
09/02/2015,222.78408
10/02/2015,220.16725
11/02/2015,223.00366
12/02/2015,218.72833
13/02/2015,223.96716
14/02/2015,237.65716
15/02/2015,256.21758
16/02/2015,230.1355
17/02/2015,235.71275
18/02/2015,242.93183
19/02/2015,237.1035
20/02/2015,241.07183
21/02/2015,245.70566
22/02/2015,245.145
23/02/2015,235.14141
24/02/2015,238.93183
25/02/2015,238.15225
26/02/2015,235.67716
27/02/2015,251.28908
28/02/2015,251.03416
01/03/2015,251.9314
02/03/2015,258.8485
03/03/2015,270.7625
04/03/2015,278.1172
05/03/2015,269.2606
06/03/2015,274.8977
07/03/2015,270.86109
08/03/2015,276.72789
09/03/2015,277.98519
10/03/2015,294.1886
11/03/2015,289.7149
12/03/2015,292.8678
13/03/2015,293.224
14/03/2015,282.644
15/03/2015,283.0809
16/03/2015,290.61579
17/03/2015,290.542
18/03/2015,283.7507
19/03/2015,252.44789
20/03/2015,263.4741
21/03/2015,259.913
22/03/2015,259.3943
23/03/2015,267.5549
24/03/2015,265.273
25/03/2015,246.6733
26/03/2015,245.6489
27/03/2015,246.5497
28/03/2015,248.4467
29/03/2015,246.728
30/03/2015,245.1133
31/03/2015,247.2639
01/04/2015,243.3028
02/04/2015,246.96
03/04/2015,252.0578
04/04/2015,253.4334
05/04/2015,252.0256
06/04/2015,260.3589
07/04/2015,252.0909
08/04/2015,252.8629
09/04/2015,244.0449
10/04/2015,240.9478
11/04/2015,236.4388
12/04/2015,236.5542
13/04/2015,235.522
14/04/2015,222.6009
15/04/2015,220.9126
16/04/2015,226.0171
17/04/2015,227.9255
18/04/2015,223.317
19/04/2015,223.4062
20/04/2015,223.9214
21/04/2015,224.9815
22/04/2015,235.50369
23/04/2015,234.15749
24/04/2015,233.40079
25/04/2015,228.92379
26/04/2015,219.94549
27/04/2015,219.19029
28/04/2015,227.3867
29/04/2015,225.3545
30/04/2015,225.9976
01/05/2015,236.6827
02/05/2015,233.8511
03/05/2015,236.2378
04/05/2015,240.3646
05/05/2015,235.6033
06/05/2015,235.6017
07/05/2015,230.4207
08/05/2015,237.059
09/05/2015,244.6989
10/05/2015,241.516
11/05/2015,239.4036
12/05/2015,240.00079
13/05/2015,241.3529
14/05/2015,235.5478
15/05/2015,237.5737
16/05/2015,236.657
17/05/2015,236.339
18/05/2015,236.2319
19/05/2015,233.3119
20/05/2015,232.7193
21/05/2015,234.204
22/05/2015,235.86329
23/05/2015,240.1588
24/05/2015,239.7985
25/05/2015,240.9415
26/05/2015,237.6588
27/05/2015,237.1844
28/05/2015,237.6708
29/05/2015,237.2277
30/05/2015,236.1404
31/05/2015,233.3328
01/06/2015,230.8331
02/06/2015,223.415
03/06/2015,226.6168
04/06/2015,225.444
05/06/2015,223.9665
06/06/2015,224.2525
07/06/2015,225.8403
08/06/2015,223.69459
09/06/2015,228.1884
10/06/2015,229.2025
11/06/2015,229.9599
12/06/2015,229.9082
13/06/2015,230.6695
14/06/2015,233.1445
15/06/2015,234.7473
16/06/2015,237.39899
17/06/2015,248.7435
18/06/2015,247.2359
19/06/2015,249.0733
20/06/2015,240.7897
21/06/2015,244.15625
22/06/2015,244.9588
23/06/2015,247.1273
24/06/2015,243.371
25/06/2015,240.9204
26/06/2015,242.31912
27/06/2015,242.28812
28/06/2015,250.382
29/06/2015,249.42725
30/06/2015,258.38549
01/07/2015,261.71749
02/07/2015,259.62937
03/07/2015,255.52675
04/07/2015,253.87887
05/07/2015,261.42899
06/07/2015,267.60762
07/07/2015,270.07587
08/07/2015,264.356
09/07/2015,267.943
10/07/2015,269.24925
11/07/2015,286.53662
12/07/2015,301.03837
13/07/2015,304.9905
14/07/2015,290.93137
15/07/2015,288.48787
16/07/2015,287.55762
17/07/2015,276.97924
18/07/2015,278.33337
19/07/2015,275.30687
20/07/2015,274.28387
21/07/2015,279.45925
22/07/2015,274.87242
23/07/2015,276.2095
24/07/2015,276.24491
25/07/2015,287.55583
26/07/2015,287.83983
27/07/2015,291.20091
28/07/2015,293.15058
29/07/2015,292.99425
30/07/2015,288.61658
31/07/2015,286.74491
01/08/2015,282.33741
02/08/2015,278.68258
03/08/2015,279.48591
04/08/2015,283.49091
05/08/2015,284.24366
06/08/2015,280.9375
07/08/2015,275.92866
08/08/2015,278.2765
09/08/2015,261.75225
10/08/2015,265.0825
11/08/2015,264.87516
12/08/2015,270.22325
13/08/2015,264.14299
14/08/2015,262.01758
15/08/2015,265.3955
16/08/2015,261.20058
17/08/2015,258.0065
18/08/2015,256.44841
19/08/2015,230.38424
20/08/2015,232.06483
21/08/2015,234.56375
22/08/2015,233.03691
23/08/2015,231.21275
24/08/2015,227.23233
25/08/2015,203.18133
26/08/2015,219.81583
27/08/2015,224.53608
28/08/2015,224.18875
29/08/2015,230.93575
30/08/2015,230.58541
31/08/2015,227.18083
01/09/2015,229.02966
02/09/2015,226.28841
03/09/2015,228.35299
04/09/2015,227.14741
05/09/2015,229.66691
06/09/2015,240.70116
07/09/2015,239.88
08/09/2015,242.01891
09/09/2015,244.31383
10/09/2015,237.99466
11/09/2015,240.56366
12/09/2015,239.81675
13/09/2015,235.053
14/09/2015,229.15808
15/09/2015,230.51091
16/09/2015,230.98066
17/09/2015,229.58975
18/09/2015,233.2385
19/09/2015,232.50008
20/09/2015,231.33733
21/09/2015,230.75433
22/09/2015,227.79358
23/09/2015,231.30983
24/09/2015,231.09508
25/09/2015,233.74475
26/09/2015,234.92466
27/09/2015,234.32908
28/09/2015,237.21116
29/09/2015,238.56625
30/09/2015,238.06125
01/10/2015,237.15191
02/10/2015,238.06358
03/10/2015,237.63516
04/10/2015,238.99883
05/10/2015,238.82433
06/10/2015,240.63075
07/10/2015,246.49633
08/10/2015,244.49816
09/10/2015,243.25675
10/10/2015,244.96533
11/10/2015,245.07
12/10/2015,247.65041
13/10/2015,244.57641
14/10/2015,249.45908
15/10/2015,254.64216
16/10/2015,255.72741
17/10/2015,267.53983
18/10/2015,270.04041
19/10/2015,264.98625
20/10/2015,264.92575
21/10/2015,270.49541
22/10/2015,267.46908
23/10/2015,274.25325
24/10/2015,279.97908
25/10/2015,286.86941
26/10/2015,284.286
27/10/2015,287.83091
28/10/2015,300.53566
29/10/2015,304.32691
30/10/2015,326.55691
31/10/2015,327.58425
01/11/2015,311.70274
02/11/2015,325.64666
03/11/2015,369.51133
04/11/2015,432.46133
05/11/2015,434.31683
06/11/2015,359.586
07/11/2015,377.64099
08/11/2015,387.775
09/11/2015,370.652
10/11/2015,376.948
11/11/2015,311.702
12/11/2015,320.036
13/11/2015,337.893
14/11/2015,334.125
15/11/2015,333.951
16/11/2015,320.06
17/11/2015,337.759
18/11/2015,333.33299
19/11/2015,334.02499
20/11/2015,315.63099
21/11/2015,321.482
22/11/2015,326.365
23/11/2015,322.606
24/11/2015,320.993
25/11/2015,318.337
26/11/2015,332.471
27/11/2015,349.138
28/11/2015,354.954
29/11/2015,356.806
30/11/2015,375.204
01/12/2015,377.798
02/12/2015,352.128
03/12/2015,366.788
04/12/2015,358.443
05/12/2015,369.956
06/12/2015,394.861
07/12/2015,391.618
08/12/2015,395.59299
09/12/2015,421.424
10/12/2015,415.076
11/12/2015,421.813
12/12/2015,467.831
13/12/2015,435.091
14/12/2015,437.021
15/12/2015,453.676
16/12/2015,445.805
17/12/2015,451.102
18/12/2015,456.425
19/12/2015,464.218
20/12/2015,460.238
21/12/2015,435.64099
22/12/2015,438.276
23/12/2015,437.994
24/12/2015,456.572
25/12/2015,455.743
26/12/2015,447.606
27/12/2015,419.338
28/12/2015,427.817
29/12/2015,422.741
30/12/2015,431.029
31/12/2015,424.962
01/01/2016,432.358
02/01/2016,433.773
03/01/2016,431.985
04/01/2016,431.691
05/01/2016,433.732
06/01/2016,427.164
07/01/2016,441.021
08/01/2016,457.168
09/01/2016,452.368
10/01/2016,445.327
11/01/2016,450.312
12/01/2016,446.614
13/01/2016,431.156
14/01/2016,431.41
15/01/2016,416.29
16/01/2016,372.737
17/01/2016,383.138
18/01/2016,380.817
19/01/2016,382.738
20/01/2016,378.775
21/01/2016,417.439
22/01/2016,403.271
23/01/2016,388.219
24/01/2016,388.538
25/01/2016,397.885
26/01/2016,390.715
27/01/2016,392.389
28/01/2016,381.356
29/01/2016,369.133
30/01/2016,376.952
31/01/2016,378.174
01/02/2016,372.157
02/02/2016,372.453
03/02/2016,372.762
04/02/2016,370.433
05/02/2016,386.954
06/02/2016,377.889
07/02/2016,376.44
08/02/2016,376.924
09/02/2016,372.434
10/02/2016,374.764
11/02/2016,379.186
12/02/2016,378.576
13/02/2016,388.87
14/02/2016,397.23
15/02/2016,405.621
16/02/2016,401.663
17/02/2016,407.017
18/02/2016,417.492
19/02/2016,421.956
20/02/2016,422.054
21/02/2016,439.61
22/02/2016,436.14
23/02/2016,438.745
24/02/2016,419.896
25/02/2016,422.617
26/02/2016,421.244
27/02/2016,433.401
28/02/2016,425.502
29/02/2016,438.28
01/03/2016,436.426
02/03/2016,434.001
03/03/2016,419.254
04/03/2016,421.597
05/03/2016,407.722
06/03/2016,397.883
07/03/2016,407.276
08/03/2016,414.213
09/03/2016,410.739
10/03/2016,411.672
11/03/2016,416.708
12/03/2016,415.04
13/03/2016,411.637
14/03/2016,414.208
15/03/2016,416.034
16/03/2016,414.167
17/03/2016,417.138
18/03/2016,417.154
19/03/2016,407.473
20/03/2016,409.24
21/03/2016,407.496
22/03/2016,415.125
23/03/2016,417.318
24/03/2016,415.837
25/03/2016,414.75699
26/03/2016,416.851
27/03/2016,416.233
28/03/2016,424.297
29/03/2016,423.597
30/03/2016,414.613
31/03/2016,414.458
01/04/2016,416.012
02/04/2016,418.785
03/04/2016,418.93999
04/04/2016,418.593
05/04/2016,422.044
06/04/2016,422.29499
07/04/2016,420.553
08/04/2016,421.616
09/04/2016,415.751
10/04/2016,418.078
11/04/2016,421.192
12/04/2016,426.383
13/04/2016,426.84399
14/04/2016,425.494
15/04/2016,426.279
16/04/2016,429.775
17/04/2016,430.453
18/04/2016,429.318
19/04/2016,428.522
20/04/2016,435.926
21/04/2016,443.758
22/04/2016,446.776
23/04/2016,447.233
24/04/2016,455.152
25/04/2016,458.626
26/04/2016,464.429
27/04/2016,466.064
28/04/2016,441.304
29/04/2016,446.236
30/04/2016,454.375
01/05/2016,449.108
02/05/2016,453.067
03/05/2016,443.681
04/05/2016,449.157
05/05/2016,447.73999
06/05/2016,447.58599
07/05/2016,458.864
08/05/2016,459.937
09/05/2016,458.708
10/05/2016,460.954
11/05/2016,454.39399
12/05/2016,451.155
13/05/2016,453.701
14/05/2016,456.039
15/05/2016,456.093
16/05/2016,457.64099
17/05/2016,454.278
18/05/2016,454.064
19/05/2016,453.494
20/05/2016,440.231
21/05/2016,442.953
22/05/2016,442.892
23/05/2016,440.551
24/05/2016,444.489
25/05/2016,447.035
26/05/2016,448.278
27/05/2016,467.262
28/05/2016,489.847
29/05/2016,516.051
30/05/2016,529.917
31/05/2016,537.23299
01/06/2016,528.04999
02/06/2016,538.568
03/06/2016,537.185
04/06/2016,571.139
05/06/2016,579.343
06/06/2016,578.84899
07/06/2016,585.399
08/06/2016,576.226
09/06/2016,580.43599
10/06/2016,574.953
11/06/2016,583.87
12/06/2016,633.205
13/06/2016,682.226
14/06/2016,695.155
15/06/2016,685.442
16/06/2016,732.357
17/06/2016,773.25
18/06/2016,736.386
19/06/2016,747.831
20/06/2016,758.903
21/06/2016,702.696
22/06/2016,657.013
23/06/2016,581.249
24/06/2016,657.08999
25/06/2016,687.168
26/06/2016,657.22399
27/06/2016,644.091
28/06/2016,655.94399
29/06/2016,634.357
30/06/2016,635.093
01/07/2016,683.293
02/07/2016,678.567
03/07/2016,690.179
04/07/2016,670.741
05/07/2016,679.351
06/07/2016,676.872
07/07/2016,671.814
08/07/2016,640.476
09/07/2016,654.85299
10/07/2016,649.356
11/07/2016,656.747
12/07/2016,648.136
13/07/2016,663.443
14/07/2016,654.018
15/07/2016,663.638
16/07/2016,666.56499
17/07/2016,665.113
18/07/2016,681.239
19/07/2016,673.832
20/07/2016,673.008
21/07/2016,662.034
22/07/2016,666.747
23/07/2016,654.725
24/07/2016,654.895
25/07/2016,660.284
26/07/2016,655.418
27/07/2016,650.82899
28/07/2016,656.91599
29/07/2016,655.427
30/07/2016,656.681
31/07/2016,635.588
01/08/2016,621.37299
02/08/2016,601.227
03/08/2016,555.926
04/08/2016,578.52374
05/08/2016,570.33875
06/08/2016,574.87375
07/08/2016,588.51625
08/08/2016,589.66125
09/08/2016,586.715
10/08/2016,585.23875
11/08/2016,594.81625
12/08/2016,581.9625
13/08/2016,584.87375
14/08/2016,581.65
15/08/2016,571.9625
16/08/2016,567.60749
17/08/2016,575.54125
18/08/2016,572.37249
19/08/2016,573.01625
20/08/2016,573.08
21/08/2016,581.35375
22/08/2016,579.6675
23/08/2016,585.5075
24/08/2016,577.98749
25/08/2016,574.5825
26/08/2016,575.0625
27/08/2016,575.3425
28/08/2016,568.78875
29/08/2016,574.49749
30/08/2016,571.94125
31/08/2016,573.78125
01/09/2016,572.96
02/09/2016,570.1
03/09/2016,572.52125
04/09/2016,596.45375
05/09/2016,606.0525
06/09/2016,604.465
07/09/2016,609.4325
08/09/2016,613.67499
09/09/2016,623.6
10/09/2016,620.59875
11/09/2016,622.03375
12/09/2016,604.8275
13/09/2016,607.03625
14/09/2016,606.885
15/09/2016,606.8975
16/09/2016,605.52125
17/09/2016,606.04625
18/09/2016,605.08
19/09/2016,609.37249
20/09/2016,606.7175
21/09/2016,595.93375
22/09/2016,596.225
23/09/2016,595.0175
24/09/2016,602.4075
25/09/2016,601.36875
26/09/2016,598.9075
27/09/2016,605.0175
28/09/2016,602.885
29/09/2016,603.58124
30/09/2016,604.52125
01/10/2016,610.58375
02/10/2016,613.23749
03/10/2016,611.88874
04/10/2016,609.495
05/10/2016,608.125
06/10/2016,610.57
07/10/2016,610.23375
08/10/2016,617.445
09/10/2016,614.59625
10/10/2016,615.91625
11/10/2016,618.3275
12/10/2016,637.21624
13/10/2016,637.73625
14/10/2016,635.88375
15/10/2016,638.975
16/10/2016,638.605
17/10/2016,636.635
18/10/2016,637.01625
19/10/2016,634.605
20/10/2016,626.36875
21/10/2016,629.61249
22/10/2016,630.61875
23/10/2016,650.895
24/10/2016,647.69375
25/10/2016,652.235
26/10/2016,657.05625
27/10/2016,684.3775
28/10/2016,684.2975
29/10/2016,700.135
30/10/2016,704.91
31/10/2016,693.89625
01/11/2016,708.955
02/11/2016,725.6925
03/11/2016,741.84875
04/11/2016,701.21875
05/11/2016,702.175
06/11/2016,705.47875
07/11/2016,705.47125
08/11/2016,706.13375
09/11/2016,728.36125
10/11/2016,719.2525
11/11/2016,714.57125
12/11/2016,715.7725
13/11/2016,694.72125
14/11/2016,704.62125
15/11/2016,711.39625
16/11/2016,710.9275
17/11/2016,745.92625
18/11/2016,738.665
19/11/2016,748.8075
20/11/2016,752.5525
21/11/2016,730.365
22/11/2016,734.84
23/11/2016,745.97875
24/11/2016,739.81875
25/11/2016,730.3125
26/11/2016,737.4025
27/11/2016,727.445
28/11/2016,731.9
29/11/2016,731.12625
30/11/2016,731.64
01/12/2016,744.1025
02/12/2016,766.5925
03/12/2016,769.915
04/12/2016,764.3575
05/12/2016,760.1
06/12/2016,754.82625
07/12/2016,758.35375
08/12/2016,763.23625
09/12/2016,766.8725
10/12/2016,773.2825
11/12/2016,765.9525
12/12/2016,769.8275
13/12/2016,774.38625
14/12/2016,778.35625
15/12/2016,776.9825
16/12/2016,776.415
17/12/2016,786.9725
18/12/2016,789.24625
19/12/2016,791
20/12/2016,789.2325
21/12/2016,805.79625
22/12/2016,842.63875
23/12/2016,910.9325
24/12/2016,910.2475
25/12/2016,870.13125
26/12/2016,905.45625
27/12/2016,900.36625
28/12/2016,948.89875
29/12/2016,971.645
30/12/2016,954.84375
31/12/2016,952.455
01/01/2017,964.325
02/01/2017,1009.97375
03/01/2017,1028.33375
04/01/2017,1047.09999
05/01/2017,1140.385
06/01/2017,985.93875
07/01/2017,837.83625
08/01/2017,923.52375
09/01/2017,889.33875
10/01/2017,905.22625
11/01/2017,910.60625
12/01/2017,772.66125
13/01/2017,784.89375
14/01/2017,820.68875
15/01/2017,821.19625
16/01/2017,830.74
17/01/2017,848.58125
18/01/2017,890.29375
19/01/2017,888.0625
20/01/2017,896.16375
21/01/2017,920.58875
22/01/2017,934.7775
23/01/2017,920.365
24/01/2017,912.2125
25/01/2017,898.55
26/01/2017,901.05
27/01/2017,912.84375
28/01/2017,919.795
29/01/2017,920.82875
30/01/2017,916.91125
31/01/2017,921.35125
01/02/2017,973.065
02/02/2017,982.8275
03/02/2017,1020.09
04/02/2017,1011.215
05/02/2017,1029.40124
06/02/2017,1019.3125
07/02/2017,1029.40875
08/02/2017,1067.70875
09/02/2017,1072.205
10/02/2017,974.95875
11/02/2017,997.2275
12/02/2017,1004.71375
13/02/2017,1004.85375
14/02/2017,994.58
15/02/2017,1003.59
16/02/2017,1018.41125
17/02/2017,1038.86625
18/02/2017,1058.315
19/02/2017,1052.84375
20/02/2017,1046.66249
21/02/2017,1079.5825
22/02/2017,1112.86375
23/02/2017,1122.515
24/02/2017,1193.501
25/02/2017,1182.429
26/02/2017,1139.848
27/02/2017,1189.366
28/02/2017,1189.94699
01/03/2017,1193.611
02/03/2017,1221.05
03/03/2017,1269.776
04/03/2017,1285.376
05/03/2017,1260.668
06/03/2017,1273.24699
07/03/2017,1280.30499
08/03/2017,1206.357
09/03/2017,1153.06
10/03/2017,1200.557
11/03/2017,1147.625
12/03/2017,1186.351
13/03/2017,1235.553
14/03/2017,1242.806
15/03/2017,1245.892
16/03/2017,1247.67099
17/03/2017,1126.08199
18/03/2017,1062.07
19/03/2017,1000.24599
20/03/2017,1036.226
21/03/2017,1065.481
22/03/2017,1091.333
23/03/2017,1036.099
24/03/2017,1013.844
25/03/2017,921.808
26/03/2017,962.508
27/03/2017,968.293
28/03/2017,1035.32199
29/03/2017,1011.969
30/03/2017,1041.374
31/03/2017,1048.86299
01/04/2017,1077.557
02/04/2017,1082.37
03/04/2017,1140.037
04/04/2017,1148.092
05/04/2017,1139.86
06/04/2017,1150.685
07/04/2017,1177.284
08/04/2017,1196.896
09/04/2017,1187.03299
10/04/2017,1213.801
11/04/2017,1206.74
12/04/2017,1226.896
13/04/2017,1216.269
14/04/2017,1187.136
15/04/2017,1186.10899
16/04/2017,1189.55
17/04/2017,1184.2
18/04/2017,1211.73799
19/04/2017,1218.666
20/04/2017,1227.981
21/04/2017,1261.702
22/04/2017,1255.25125
23/04/2017,1232.7575
24/04/2017,1243.43
25/04/2017,1251.5775
26/04/2017,1269.69625
27/04/2017,1289.7475
28/04/2017,1335.825
29/04/2017,1319.7
30/04/2017,1311.58874
01/05/2017,1370.79
02/05/2017,1416.61
03/05/2017,1448.88625
04/05/2017,1506.7725
05/05/2017,1543.31
06/05/2017,1536.1525
07/05/2017,1554.6025
08/05/2017,1564.065
09/05/2017,1644.72875
10/05/2017,1695.83125
11/05/2017,1748.35375
12/05/2017,1774.52
13/05/2017,1634.6075
14/05/2017,1774.805
15/05/2017,1747.04375
16/05/2017,1665.0325
17/05/2017,1744.44125
18/05/2017,1796.89625
19/05/2017,1913.13875
20/05/2017,1983.97875
21/05/2017,2074.69625
22/05/2017,2114.98875
23/05/2017,2196.66874
24/05/2017,2348.55249
25/05/2017,2581.85375
26/05/2017,2460.95375
27/05/2017,2232.2875
28/05/2017,2234.83374
29/05/2017,2195.785
30/05/2017,2315.73625
31/05/2017,2170.98124
01/06/2017,2402.125
02/06/2017,2477.1725
03/06/2017,2475.2975
04/06/2017,2526.31125
05/06/2017,2605.125
06/06/2017,2855.03
07/06/2017,2900.8525
08/06/2017,2737.9025
09/06/2017,2826.03875
10/06/2017,2846.00625
11/06/2017,2910.33625
12/06/2017,3007.0125
13/06/2017,2697.0775
14/06/2017,2780.1825
15/06/2017,2518.54875
16/06/2017,2438.61749
17/06/2017,2520.78375
18/06/2017,2680.1025
19/06/2017,2611.67999
20/06/2017,2667.5475
21/06/2017,2805.0975
22/06/2017,2702.00375
23/06/2017,2763.29125
24/06/2017,2740.5925
25/06/2017,2598.15875
26/06/2017,2630.59499
27/06/2017,2513.42999
28/06/2017,2556.1675
29/06/2017,2591.2675
30/06/2017,2547.3225
01/07/2017,2479.05499
02/07/2017,2424.69875
03/07/2017,2513.74125
04/07/2017,2640.06125
05/07/2017,2588.67875
06/07/2017,2634.17375
07/07/2017,2598.57
08/07/2017,2514.3625
09/07/2017,2586.0425
10/07/2017,2524.12624
11/07/2017,2352.265
12/07/2017,2292.91375
13/07/2017,2437.55375
14/07/2017,2337.67875
15/07/2017,2109.37375
16/07/2017,2045.5725
17/07/2017,1986.9425
18/07/2017,2189.23999
19/07/2017,2354.8925
20/07/2017,2349.355
21/07/2017,2740.56875
22/07/2017,2738.775
23/07/2017,2831.67875
24/07/2017,2772.3675
25/07/2017,2768.8025
26/07/2017,2540.20874
27/07/2017,2570.195
28/07/2017,2699.72125
29/07/2017,2719.69
30/07/2017,2714.70375
31/07/2017,2718.6175
01/08/2017,2867.65375
02/08/2017,2739.70875
03/08/2017,2740.07125
04/08/2017,2811.71
05/08/2017,3123.41125
06/08/2017,3254.71
07/08/2017,3274.6375
08/08/2017,3474.7625
09/08/2017,3416.185
10/08/2017,3364.41125
11/08/2017,3451.8525
12/08/2017,3705.43
13/08/2017,4104.015
14/08/2017,4036.7575
15/08/2017,4462.67625
16/08/2017,4118.9025
17/08/2017,4322.42125
18/08/2017,4311.685
19/08/2017,4180.23875
20/08/2017,4139.38125
21/08/2017,4110.94125
22/08/2017,3911.27625
23/08/2017,4162.79249
24/08/2017,4178.75625
25/08/2017,4396.03125
26/08/2017,4359.9025
27/08/2017,4381.39625
28/08/2017,4340.46
29/08/2017,4442.6575
30/08/2017,4664.64375
31/08/2017,4676.1425
01/09/2017,4783.17
02/09/2017,4864.285
03/09/2017,4672.56875
04/09/2017,4593.1825
05/09/2017,4160.535
06/09/2017,4517.57
07/09/2017,4543.1025
08/09/2017,4628.6025
09/09/2017,4280.975
10/09/2017,4194.21875
11/09/2017,4307.82625
12/09/2017,4295.76124
13/09/2017,3944.58375
14/09/2017,3817.0575
15/09/2017,3358.10875
16/09/2017,3772.68375
17/09/2017,3608.595
18/09/2017,3764.6175
19/09/2017,3976.3875
20/09/2017,3863.18625
21/09/2017,3827.685
22/09/2017,3690.99125
23/09/2017,3612.1625
24/09/2017,3772.8475
25/09/2017,3753.435
26/09/2017,3920.99125
27/09/2017,3939.515
28/09/2017,4220.28
29/09/2017,4062.20375
30/09/2017,4207.825
01/10/2017,4300.55125
02/10/2017,4414.1775
03/10/2017,4424.4725
04/10/2017,4307.555
05/10/2017,4186.78374
06/10/2017,4325.23625
07/10/2017,4370.16875
08/10/2017,4446.17249
09/10/2017,4624.34875
10/10/2017,4789.30125
11/10/2017,4741.70875
12/10/2017,4858.60499
13/10/2017,5728.5475
14/10/2017,5666.97875
15/10/2017,5779.07375
16/10/2017,5607.01
17/10/2017,5643.55375
18/10/2017,5495.03875
19/10/2017,5627.08625
20/10/2017,5686.52625
21/10/2017,6098.115
22/10/2017,5949.07875
23/10/2017,5969.795
24/10/2017,5649.005
25/10/2017,5550.85875
26/10/2017,5776.87875
27/10/2017,5923.70625
28/10/2017,5737.1025
29/10/2017,5741.7225
30/10/2017,6151.325
31/10/2017,6130.56375
01/11/2017,6424.515
02/11/2017,6879.365
03/11/2017,7199.2375
04/11/2017,7210.46875
05/11/2017,7376.7425
06/11/2017,7231.93
07/11/2017,7123.89375
08/11/2017,7356.50625
09/11/2017,7342.82375
10/11/2017,7250.77
11/11/2017,6773.695
12/11/2017,6075.30125
13/11/2017,5969.13
14/11/2017,6666.27125
15/11/2017,6867.42625
16/11/2017,7259.3
17/11/2017,7924.1825
18/11/2017,7598.2775
19/11/2017,7787.45625
20/11/2017,7954.7675
21/11/2017,7879.06
22/11/2017,8150.6325
23/11/2017,8208.75375
24/11/2017,8094.445
25/11/2017,8190.87125
26/11/2017,8851.305
27/11/2017,9573.9675
28/11/2017,9713.09625
29/11/2017,10295.6225
30/11/2017,10542.6625
01/12/2017,9706.10375
02/12/2017,10923.20125
03/12/2017,10973.54375
04/12/2017,11382.20875
05/12/2017,11597.23125
06/12/2017,12230.365
07/12/2017,13734.52
08/12/2017,16403.42125
09/12/2017,15732.1
10/12/2017,13152.52875
11/12/2017,16299.2975
12/12/2017,16374.8975
13/12/2017,16678.28749
14/12/2017,16246.13875
15/12/2017,17221.65125
16/12/2017,17436.5975
17/12/2017,19166.97874
18/12/2017,18640.2625
19/12/2017,18984.7675
20/12/2017,16862.57125
21/12/2017,16925.0175
22/12/2017,14182.46499
23/12/2017,14694.5825
24/12/2017,14103.21875
25/12/2017,13387.34875
26/12/2017,14652.3675
27/12/2017,15846.07375
28/12/2017,14362.40375
29/12/2017,14867.5725
30/12/2017,13643.695
31/12/2017,13062.145
01/01/2018,13439.4175
02/01/2018,13337.62125
03/01/2018,14881.545
04/01/2018,15104.45
05/01/2018,14953.8525
06/01/2018,16576.69625
07/01/2018,16735.10625
08/01/2018,15632.41125
09/01/2018,15242.93625
10/01/2018,14122.825
11/01/2018,13269.5975
12/01/2018,13633.36375
13/01/2018,14165.90625
14/01/2018,14217.3625
15/01/2018,13519.92625
16/01/2018,12915.11625
17/01/2018,10870.16875
18/01/2018,11340.65
19/01/2018,11137.36875
20/01/2018,11742.94125
21/01/2018,12486.06625
22/01/2018,11508.62
23/01/2018,10872.9025
24/01/2018,10830.9275
25/01/2018,11629.375
26/01/2018,11524.345
27/01/2018,11005.615
28/01/2018,11452.23
29/01/2018,11412.79375
30/01/2018,10917.15125
31/01/2018,9914.4725
01/02/2018,9970.30875
02/02/2018,8715.59499
03/02/2018,8285.50124
04/02/2018,9192.045
05/02/2018,8136.39
06/02/2018,6332.37
07/02/2018,7270.5075
08/02/2018,7987.28125
09/02/2018,8086.7725
10/02/2018,8930.13875
11/02/2018,8045.44
12/02/2018,8478.92499
13/02/2018,8766.8525
14/02/2018,8693.2525
15/02/2018,9659.2875
16/02/2018,10110.83875
17/02/2018,10474.77125
18/02/2018,10855.9375
19/02/2018,10537.00625
20/02/2018,11416.03875
21/02/2018,10928.02
22/02/2018,10727.9525
23/02/2018,9809.72125
24/02/2018,10412.36875
25/02/2018,9585.285
26/02/2018,9627.71625
27/02/2018,10272.9025
28/02/2018,10903.01875
01/03/2018,10352.04625
02/03/2018,11100.2925
03/03/2018,11305.1225
04/03/2018,11171.8175
05/03/2018,11558.475
06/03/2018,11246.7475
07/03/2018,10735.88625
08/03/2018,9552.75875
09/03/2018,8980.19249
10/03/2018,9251.2925
11/03/2018,8680.6075
12/03/2018,9433.47374
13/03/2018,9047.5125
14/03/2018,9260.70875
15/03/2018,7895.98875
16/03/2018,8039.6025
17/03/2018,8206.555
18/03/2018,7667.99
19/03/2018,8189.49125
20/03/2018,8597.3375
21/03/2018,9028.2975
22/03/2018,9023.7175
23/03/2018,8411.6525
24/03/2018,8881.98625
25/03/2018,8548.8125
26/03/2018,8429.33124
27/03/2018,7854.6375
28/03/2018,7863.255
29/03/2018,7866.36
30/03/2018,6861.325
31/03/2018,6970.36375
01/04/2018,6926.875
02/04/2018,6986.835
03/04/2018,7182.12
04/04/2018,7295.89
05/04/2018,6769.48375
06/04/2018,6766.5925
07/04/2018,6854.92125
08/04/2018,6964.4325
09/04/2018,7125.53875
10/04/2018,6789.2675
11/04/2018,6824.49375
12/04/2018,6941.63875
13/04/2018,7823.55875
14/04/2018,8040.88125
15/04/2018,8083.57375
16/04/2018,8160.4125
17/04/2018,8030.57
18/04/2018,7937.61
19/04/2018,8188.71875
20/04/2018,8333.81374
21/04/2018,8866.67
22/04/2018,8830.05875
23/04/2018,8868.16124
24/04/2018,9191.82
25/04/2018,9373.3025
26/04/2018,8807.515
27/04/2018,9153.64125
28/04/2018,9144.38375
29/04/2018,9444.1425
30/04/2018,9268.7175
01/05/2018,8949.87624
02/05/2018,9029.47875
03/05/2018,9228.8525
04/05/2018,9572.69875
05/05/2018,9817.5975
06/05/2018,9845.54375
07/05/2018,9326.76125
08/05/2018,9424.99124
09/05/2018,9039.02875
10/05/2018,9327.04999
11/05/2018,8920.25625
12/05/2018,8408.35875
13/05/2018,8442.23875
14/05/2018,8398.86249
15/05/2018,8711.38875
16/05/2018,8159.25625
17/05/2018,8360.22875
18/05/2018,7996.82125
19/05/2018,8237.3425
20/05/2018,8250.395
21/05/2018,8493.13125
22/05/2018,8324.025
23/05/2018,7951.51375
24/05/2018,7614.96375
25/05/2018,7599.9525
26/05/2018,7436.835
27/05/2018,7296.79625
28/05/2018,7383.2175
29/05/2018,7118.42375
30/05/2018,7491.61125
31/05/2018,7363.27625
01/06/2018,7490.62125
02/06/2018,7518.333329
03/06/2018,7630.403388
04/06/2018,7505.589277
05/06/2018,7624.187971
07/06/2018,7658.57
08/06/2018,7684.93
09/06/2018,7618.11
10/06/2018,7495.1
11/06/2018,6770.31
12/06/2018,6780.340803
13/06/2018,6321.655965
15/06/2018,6601.324158
16/06/2018,6397.44117
17/06/2018,6529.544015
18/06/2018,6482.868697
19/06/2018,6711.64967
20/06/2018,6731.710147
21/06/2018,6729.925937
23/06/2018,6099.445277
24/06/2018,6198.700824
25/06/2018,6142.39257
26/06/2018,6244.328455
27/06/2018,6148.422705
28/06/2018,6140.1915
29/06/2018,5954.526582
30/06/2018,6189.309252
01/07/2018,6373.277854
03/07/2018,6629.749595
04/07/2018,6589.632793
06/07/2018,6538.682432
07/07/2018,6570.427592
08/07/2018,6744.988679
09/07/2018,6694.530851
11/07/2018,6360.446668
13/07/2018,6144.810118
14/07/2018,6254.678129
16/07/2018,6671.625919
18/07/2018,7315.55104
19/07/2018,7484.63967
21/07/2018,7357.445677
22/07/2018,7424.734238
23/07/2018,7411.200525
24/07/2018,7730.24748
25/07/2018,8325.801534
26/07/2018,8271.59792
27/07/2018,7925.247396
28/07/2018,8184.695535
30/07/2018,8166.38836
01/08/2018,7700.834129
02/08/2018,7588.58618
03/08/2018,7423.074378
05/08/2018,7396.041122
06/08/2018,7402.336634
08/08/2018,6748.441484
09/08/2018,6460.153155
10/08/2018,6482.973449
11/08/2018,6092.533104
12/08/2018,6338.738957
13/08/2018,6260.192995
14/08/2018,6123.447601
15/08/2018,6332.6069
17/08/2018,6273.88807
18/08/2018,6396.946369
19/08/2018,6516.668382
20/08/2018,6299.395333
22/08/2018,6355.881809
23/08/2018,6503.832362
24/08/2018,6675.360683
25/08/2018,6725.032327
26/08/2018,6689.822683
28/08/2018,7084.293617
29/08/2018,7059.231235
31/08/2018,7028.447312
01/09/2018,7198.058436
02/09/2018,7282.858514
03/09/2018,7260.251593
04/09/2018,7361.271864
05/09/2018,6913.115013
07/09/2018,6400.268706
08/09/2018,6181.744207
09/09/2018,6253.937201
11/09/2018,6275.083132
12/09/2018,6275.669588
13/09/2018,6283.1842
15/09/2018,6285.982466
16/09/2018,6281.409356
18/09/2018,6273.220083
19/09/2018,6282.610727
21/09/2018,6288.07017
22/09/2018,6317.699685
23/09/2018,6293.836421
24/09/2018,6289.621327
25/09/2018,6466.994564
26/09/2018,6391.385981
27/09/2018,6509.776621
28/09/2018,6698.416047
29/09/2018,6502.688151
30/09/2018,6576.61432
01/10/2018,6647.387947
02/10/2018,6603.754342
03/10/2018,6481.24577
04/10/2018,6594.935786
06/10/2018,6595.260326
08/10/2018,6662.8685
09/10/2018,6663.021071
11/10/2018,6619.495845
12/10/2018,6285.859203
13/10/2018,6309.198921
14/10/2018,6361.417016
15/10/2018,6721.587503
17/10/2018,6724.833078
18/10/2018,6374.648863
20/10/2018,6407.479085
22/10/2018,6412.530491
23/10/2018,6396.880154
24/10/2018,6407.667175
25/10/2018,6405.500726
27/10/2018,6392.179337
28/10/2018,6429.687141
29/10/2018,6266.189683
30/10/2018,6276.4645
31/10/2018,6321.713671
01/11/2018,6341.094813
02/11/2018,6360.141272
03/11/2018,6344.738943
04/11/2018,6405.139755
05/11/2018,6396.352124
06/11/2018,6425.917802
07/11/2018,6514.489453
08/11/2018,6412.524289
09/11/2018,6343.632504
10/11/2018,6365.655232
11/11/2018,6327.480646
12/11/2018,6327.154696
13/11/2018,6282.438677
14/11/2018,5524.801093
15/11/2018,5511.152834
16/11/2018,5448.600634
17/11/2018,5497.411279
18/11/2018,5553.014895
19/11/2018,4800.342897
20/11/2018,4246.312774
21/11/2018,4478.299558
22/11/2018,4405.744031
23/11/2018,4329.91722
24/11/2018,3728.872648
25/11/2018,3951.205029
26/11/2018,3640.557165
27/11/2018,3792.192364
28/11/2018,4174.319972
29/11/2018,4218.608363
30/11/2018,3952.447895
01/12/2018,4178.603828
02/12/2018,4118.518242
03/12/2018,3847.032737
04/12/2018,3889.29212
05/12/2018,3713.573383
06/12/2018,3578.206624
07/12/2018,3391.874146
08/12/2018,3452.616185
09/12/2018,3507.306367
10/12/2018,3419.733768
11/12/2018,3360.946628
12/12/2018,3414.833749
13/12/2018,3263.547913
14/12/2018,3212.207081
15/12/2018,3194.962272
16/12/2018,3200.642468
17/12/2018,3478.461203
18/12/2018,3562.894946
19/12/2018,3709.316759
20/12/2018,4065.799953
21/12/2018,3824.739794
22/12/2018,3862.726329
23/12/2018,3949.794342
24/12/2018,4054.29626
25/12/2018,3767.350024
26/12/2018,3807.153022
27/12/2018,3587.198223
28/12/2018,3865.5293
29/12/2018,3725.48
30/12/2018,3832.4
31/12/2018,3689.56462
01/01/2019,3715.564441
02/01/2019,3882.304754
03/01/2019,3795.592741
04/01/2019,3812.381108
05/01/2019,3809.914343
06/01/2019,4014.133187
07/01/2019,3989.631741
08/01/2019,3992.986144
09/01/2019,3995.325193
10/01/2019,3617.346291
11/01/2019,3606.16489
12/01/2019,3611.528238
13/01/2019,3497.669392
14/01/2019,3654.347067
15/01/2019,3568.751259
16/01/2019,3593.72174
17/01/2019,3623.717337
18/01/2019,3605.855187
19/01/2019,3690.908564
20/01/2019,3544.221724
21/01/2019,3528.463529
22/01/2019,3581.551947
23/01/2019,3549.770799
24/01/2019,3562.920476
25/01/2019,3566.666164
26/01/2019,3563.27801
27/01/2019,3539.620947
28/01/2019,3425.262161
29/01/2019,3395.018645
30/01/2019,3441.032215
31/01/2019,3420.633227
01/02/2019,3439.805699
02/02/2019,3433.035285
03/02/2019,3404.499313
04/02/2019,3412.230431
05/02/2019,3419.767899
06/02/2019,3367.519032
07/02/2019,3360.534076
08/02/2019,3591.022152
09/02/2019,3617.46468
10/02/2019,3621.154003
11/02/2019,3593.183177
12/02/2019,3579.341881
13/02/2019,3569.554833
14/02/2019,3558.396858
15/02/2019,3566.247765
16/02/2019,3596.405191
17/02/2019,3606.151988
18/02/2019,3865.318165
19/02/2019,3904.48292
20/02/2019,3924.739844
21/02/2019,3889.758485
22/02/2019,3933.60759
23/02/2019,4105.112759
24/02/2019,3763.620516
25/02/2019,3819.865341
26/02/2019,3797.58179
27/02/2019,3772.936335
28/02/2019,3799.678543
01/03/2019,3811.611979
02/03/2019,3804.41917
03/03/2019,3782.664101
04/03/2019,3689.862893
05/03/2019,3832.080885
06/03/2019,3848.95637
07/03/2019,3859.839983
08/03/2019,3828.371904
09/03/2019,3898.86846
10/03/2019,3899.655869
11/03/2019,3851.24919
12/03/2019,3866.295946
13/03/2019,3846.274442
14/03/2019,3855.744363
15/03/2019,3892.052301
16/03/2019,3985.851236
17/03/2019,3970.389045
18/03/2019,3974.415764
19/03/2019,3996.037131
20/03/2019,4027.787395
21/03/2019,3974.811429
22/03/2019,3987.305225
23/03/2019,3977.707443
24/03/2019,3968.438701
25/03/2019,3913.781717
26/03/2019,3915.37532
27/03/2019,4018.59051
28/03/2019,4008.370872
29/03/2019,4080.260114
30/03/2019,4081.221605
01/04/2019,4094.704791
02/04/2019,4135.18494
03/04/2019,4818.770635
04/04/2019,5102.150753
05/04/2019,4875.599431
06/04/2019,5030.933271
07/04/2019,5028.321082
08/04/2019,5198.17317
09/04/2019,5260.205043
10/04/2019,5179.997649
11/04/2019,5283.543758
12/04/2019,5049.605824
13/04/2019,5077.515864
14/04/2019,5066.86704
15/04/2019,5158.387401
16/04/2019,5045.675166
17/04/2019,5184.204468
18/04/2019,5220.959934
19/04/2019,5276.558982
20/04/2019,5266.661246
21/04/2019,5292.14833
22/04/2019,5276.558318
23/04/2019,5398.433417
24/04/2019,5552.521911
25/04/2019,5432.991017
26/04/2019,5132.227526
27/04/2019,5151.574528
28/04/2019,5200.193239
29/04/2019,5152.54574
30/04/2019,5151.4335
01/05/2019,5277.444469
02/05/2019,5297.942492
03/05/2019,5405.878067
04/05/2019,5697.679054
05/05/2019,5812.331779
06/05/2019,5713.035052
07/05/2019,5706.008421
08/05/2019,5899.529693
09/05/2019,5932.441391
10/05/2019,6159.685902
11/05/2019,6387.82945
12/05/2019,7254.805536
13/05/2019,6992.706661
14/05/2019,7906.940835
15/05/2019,7928.417416
16/05/2019,8177.453519
17/05/2019,7820.076243
18/05/2019,7243.650539
19/05/2019,7295.649729
20/05/2019,8221.259395
21/05/2019,7917.012499
22/05/2019,7961.128743
23/05/2019,7723.90388
24/05/2019,7903.84691
25/05/2019,8038.506791
26/05/2019,8089.570163
27/05/2019,8653.142368
28/05/2019,8800.346606
29/05/2019,8719.331485
30/05/2019,8672.400107
31/05/2019,8287.040256
01/06/2019,8513.203882
02/06/2019,8588.479505
03/06/2019,8744.265561
04/06/2019,8474.048229
05/06/2019,7645.572514
06/06/2019,7790.321135
07/06/2019,7730.881726
08/06/2019,8030.256079
09/06/2019,7949.425799
10/06/2019,7600.922492
11/06/2019,7954.006238
12/06/2019,7903.62525
13/06/2019,8151.78868
14/06/2019,8256.720099
15/06/2019,8667.787954
16/06/2019,8836.168413
17/06/2019,9061.540461
18/06/2019,9346.975087
19/06/2019,9012.48785
20/06/2019,9259.123638
21/06/2019,9559.900689
22/06/2019,9906.407965
23/06/2019,10461.41217
24/06/2019,10843.57097
25/06/2019,10996.45975
26/06/2019,11665.40968
27/06/2019,12444.92586
28/06/2019,11086.26883
29/06/2019,12316.95301
30/06/2019,12024.08097
01/07/2019,10932.31051
02/07/2019,10454.68382
03/07/2019,10800.13014
04/07/2019,11942.24022
05/07/2019,11645.52461
06/07/2019,10946.20905
07/07/2019,11219.046
08/07/2019,11422.11447
09/07/2019,12335.99939
10/07/2019,12575.90407
11/07/2019,12054.18379
12/07/2019,11324.1447
13/07/2019,11802.95996
14/07/2019,11279.60274
15/07/2019,10506.39583
16/07/2019,10934.48274
17/07/2019,9490.410516
18/07/2019,9733.132134
19/07/2019,10603.34887
20/07/2019,10466.26094
21/07/2019,10983.216
22/07/2019,10551.13163
23/07/2019,10285.63923
24/07/2019,10027.53261
25/07/2019,9771.504761
26/07/2019,9897.429352
27/07/2019,9812.226351
28/07/2019,9440.140037
29/07/2019,9495.855261
30/07/2019,9506.704273
31/07/2019,9572.735372
01/08/2019,10005.29447
02/08/2019,10385.20061
03/08/2019,10513.91147
04/08/2019,10831.25986
05/08/2019,10985.80754
06/08/2019,11811.78705
07/08/2019,11310.18722
08/08/2019,11956.04722
09/08/2019,11817.45548
10/08/2019,11827.57457
11/08/2019,11278.28125
12/08/2019,11485.36578
13/08/2019,11391.96865
14/08/2019,10869.37911
15/08/2019,10211.49858
16/08/2019,10386.53955
17/08/2019,10388.45059
18/08/2019,10212.10144
19/08/2019,10335.37284
20/08/2019,10774.81031
21/08/2019,10818.50701
22/08/2019,10064.91679
23/08/2019,10161.16475
24/08/2019,10364.28135
25/08/2019,10171.49746
26/08/2019,10068.92242
27/08/2019,10312.21504
28/08/2019,10122.19653
29/08/2019,9743.162051
30/08/2019,9487.976434
31/08/2019,9590.736337
01/09/2019,9624.983911
02/09/2019,9780.667897
03/09/2019,10381.85596
04/09/2019,10691.3113
05/09/2019,10555.0469
06/09/2019,10576.31789
07/09/2019,10334.02389
08/09/2019,10495.22736
09/09/2019,10402.79653
10/09/2019,10332.94219
11/09/2019,10082.94683
12/09/2019,10152.75298
13/09/2019,10396.7672
14/09/2019,10299.47696
15/09/2019,10351.23202
16/09/2019,10302.19071
17/09/2019,10301.65965
18/09/2019,10231.42151
19/09/2019,10168.28771
20/09/2019,10223.50558
21/09/2019,10138.33521
22/09/2019,9984.520516
23/09/2019,10031.86671
24/09/2019,9719.718696
25/09/2019,8688.973526
26/09/2019,8438.708552
27/09/2019,8103.2109
28/09/2019,8195.210697
29/09/2019,8146.414032
30/09/2019,8085.71329
01/10/2019,8241.34147
02/10/2019,8333.68919
03/10/2019,8273.464018
04/10/2019,8203.843833
05/10/2019,8163.902638
06/10/2019,8137.146689
07/10/2019,7853.693305
08/10/2019,8236.208379
09/10/2019,8201.637818
10/10/2019,8572.380812
11/10/2019,8582.144518
12/10/2019,8320.171581
13/10/2019,8328.60426
14/10/2019,8282.177326
15/10/2019,8337.818999
16/10/2019,8162.44
17/10/2019,8003.820395
18/10/2019,8058.058081
19/10/2019,7970.239476
20/10/2019,7943.347107
21/10/2019,8200.318763
22/10/2019,8200.246099
23/10/2019,8073.409544
24/10/2019,7420.415836
25/10/2019,7460.617416
26/10/2019,8591.223897
27/10/2019,9578.367556
28/10/2019,9458.22336
29/10/2019,9455.724693
30/10/2019,9225.995479
31/10/2019,9131.41063
01/11/2019,9197.632345
02/11/2019,9290.896602
03/11/2019,9202.415451
04/11/2019,9369.628081
05/11/2019,9326.599624
06/11/2019,9335.752402
07/11/2019,9226.485821
08/11/2019,8794.358645
09/11/2019,8798.042055
10/11/2019,9081.186878
11/11/2019,8711.534339
12/11/2019,8760.892718
13/11/2019,8749.520591
14/11/2019,8656.970922
15/11/2019,8500.643558
16/11/2019,8469.260899
17/11/2019,8537.339652
18/11/2019,8205.806366
19/11/2019,8118.488536
20/11/2019,8074.843174
21/11/2019,7612.740574
22/11/2019,7262.110535
23/11/2019,7303.405759
24/11/2019,7041.732936
25/11/2019,7211.861809
26/11/2019,7141.069449
27/11/2019,7523.480673
28/11/2019,7390.207469
29/11/2019,7729.265939
30/11/2019,7542.235609
01/12/2019,7381.963008
02/12/2019,7333.43293
03/12/2019,7315.367765
04/12/2019,7213.733762
05/12/2019,7398.78705
06/12/2019,7511.880583
07/12/2019,7532.123513
08/12/2019,7550.2392
09/12/2019,7333.096043
10/12/2019,7239.762575
11/12/2019,7198.066677
12/12/2019,7190.272369
13/12/2019,7238.874323
14/12/2019,7087.024985
15/12/2019,7112.731476
16/12/2019,6883.496394
17/12/2019,6584.028843
18/12/2019,7424.0154
19/12/2019,7147.568324
20/12/2019,7139.933371
21/12/2019,7286.335081
22/12/2019,7236.986205
23/12/2019,7166.172379
24/12/2019,7235.62665
25/12/2019,7212.809395
26/12/2019,7183.706536
27/12/2019,7227.293712
28/12/2019,7311.560644
29/12/2019,7385.464848
30/12/2019,7251.276794
31/12/2019,7179.957819
01/01/2020,7174.744012
02/01/2020,6955.48758
03/01/2020,7291.219505
04/01/2020,7337.63667
05/01/2020,7347.433264
06/01/2020,7713.860754
07/01/2020,8039.603701
08/01/2020,8067.606369
09/01/2020,7808.701364
10/01/2020,8087.452885
11/01/2020,8078.993532
12/01/2020,8149.313717
13/01/2020,8116.961008
14/01/2020,8735.142439
15/01/2020,8843.675732
16/01/2020,8711.637578
17/01/2020,8925.299028
18/01/2020,8939.8643
19/01/2020,8638.18144
20/01/2020,8652.683763
21/01/2020,8708.786013
22/01/2020,8635.074357
23/01/2020,8384.088777
24/01/2020,8451.232296
25/01/2020,8347.567505
26/01/2020,8562.30747
27/01/2020,8881.962391
28/01/2020,9131.114988
29/01/2020,9320.978406
30/01/2020,9545.077957
31/01/2020,9388.880752
01/02/2020,9363.193383
02/02/2020,9385.260386
03/02/2020,9269.707035
04/02/2020,9177.894637
05/02/2020,9625.456637
06/02/2020,9681.377411
07/02/2020,9795.344066
08/02/2020,9927.778256
09/02/2020,10132.7065
10/02/2020,9838.900016
11/02/2020,10236.63515
12/02/2020,10364.92629
13/02/2020,10218.09974
14/02/2020,10367.528
15/02/2020,9926.353691
16/02/2020,9876.234963
17/02/2020,9636.624095
18/02/2020,10189.99598
19/02/2020,9701.037191
20/02/2020,9631.484946
21/02/2020,9670.858654
22/02/2020,9689.086743
23/02/2020,9919.551448
24/02/2020,9640.469505
25/02/2020,9392.869629
26/02/2020,8787.978363
27/02/2020,8784.995352
28/02/2020,8778.470511
29/02/2020,8639.591417
01/03/2020,8548.948322
02/03/2020,8923.044398
03/03/2020,8791.112058
04/03/2020,8756.961062
05/03/2020,9078.578777
06/03/2020,9126.636822
07/03/2020,8925.213488
08/03/2020,8166.313894
09/03/2020,7875.750875
10/03/2020,7959.228274
11/03/2020,7955.306284
12/03/2020,5800.208905
13/03/2020,5672.681201
14/03/2020,5304.149952
15/03/2020,5355.187374
16/03/2020,4944.702336
17/03/2020,5465.582594
18/03/2020,5363.822853
19/03/2020,6301.063404
20/03/2020,6185.279839
21/03/2020,6187.05375
22/03/2020,5884.340133
23/03/2020,6455.454688
24/03/2020,6784.318011
25/03/2020,6706.985089
26/03/2020,6721.495392
27/03/2020,6682.780049
28/03/2020,6229.488343
30/03/2020,5922.489835
31/03/2020,6483.739446
01/04/2020,6446.421347
02/04/2020,6537.336462
03/04/2020,6850.558712
04/04/2020,6776.370094
05/04/2020,6855.933264
06/04/2020,6805.362287
07/04/2020,7278.24397
08/04/2020,7175.667477
09/04/2020,7367.293398
10/04/2020,7321.816614
11/04/2020,6866.398189
12/04/2020,6873.848495
13/04/2020,7043.438864
14/04/2020,6889.863772
15/04/2020,6887.554908
16/04/2020,6718.79995
17/04/2020,7166.582817
18/04/2020,7065.082389
19/04/2020,7277.140586
20/04/2020,7185.870303
21/04/2020,6856.146435
22/04/2020,6904.475773
23/04/2020,7118.388748
24/04/2020,7562.032832
25/04/2020,7497.861764
26/04/2020,7542.303401
27/04/2020,7624.853786
28/04/2020,7776.507543
29/04/2020,7761.758784
30/04/2020,8773.106488
01/05/2020,8767.672623
02/05/2020,8853.774484
03/05/2020,8963.057558
04/05/2020,8904.713817
05/05/2020,8887.505893
06/05/2020,8978.283587
07/05/2020,9371.684273
08/05/2020,9900.678867
09/05/2020,9917.248414
10/05/2020,9617.518195
11/05/2020,8786.655182
12/05/2020,8608.125245
13/05/2020,8815.231245
14/05/2020,9330.986485
15/05/2020,9757.296586
16/05/2020,9362.635557
17/05/2020,9418.918551
18/05/2020,9684.701959
19/05/2020,9723.68015
20/05/2020,9719.480854
21/05/2020,9540.886567
22/05/2020,9141.150637
23/05/2020,9192.845136
24/05/2020,9220.075887
25/05/2020,9048.715119
26/05/2020,8905.781605
27/05/2020,8835.727224
28/05/2020,9112.979176
29/05/2020,9507.524665
30/05/2020,9425.281869
31/05/2020,9688.32439
01/06/2020,9427.670084
02/06/2020,10268.58198
03/06/2020,9516.135443
04/06/2020,9667.060754
05/06/2020,9811.367095
06/06/2020,9659.661298
07/06/2020,9677.050995
08/06/2020,9737.458559
09/06/2020,9791.9279
10/06/2020,9786.14202
11/06/2020,9874.967048
12/06/2020,9260.832641
13/06/2020,9464.228097
14/06/2020,9458.659754
15/06/2020,9351.953728
16/06/2020,9441.768996
17/06/2020,9510.660637
18/06/2020,9457.627074
19/06/2020,9398.642094
20/06/2020,9279.760765
21/06/2020,9353.078196
22/06/2020,9289.104491
23/06/2020,9680.947128
24/06/2020,9609.680246
25/06/2020,9311.136318
26/06/2020,9252.633372
27/06/2020,9171.732086
28/06/2020,9022.153768
29/06/2020,9101.850057
30/06/2020,9188.061375
01/07/2020,9148.444859
02/07/2020,9236.31677
03/07/2020,9097.797366
04/07/2020,9094.324561
05/07/2020,9124.653534
06/07/2020,9055.464483
07/07/2020,9278.805637
08/07/2020,9244.415815
09/07/2020,9471.759973
10/07/2020,9236.143254
11/07/2020,9243.175259
12/07/2020,9229.859755
13/07/2020,9286.737042
14/07/2020,9238.993755
15/07/2020,9260.47098
16/07/2020,9211.026433
17/07/2020,9133.77783
18/07/2020,9160.410591
19/07/2020,9176.68639
20/07/2020,9190.271534
21/07/2020,9172.588333
22/07/2020,9395.064446
23/07/2020,9530.790885
24/07/2020,9617.377861
25/07/2020,9568.974726
26/07/2020,9708.94914
27/07/2020,9938.951223
28/07/2020,11187.77973
29/07/2020,10939.67014
30/07/2020,11284.45899
31/07/2020,11118.91841
01/08/2020,11373.31726
02/08/2020,11766.7483
03/08/2020,11139.09838
04/08/2020,11261.80633
05/08/2020,11228.02632
06/08/2020,11653.40759
07/08/2020,11796.81736
08/08/2020,11639.93541
09/08/2020,11744.91208
10/08/2020,11673.12324
11/08/2020,11832.22731
12/08/2020,11340.58234
13/08/2020,11549.54631
14/08/2020,11752.16866
15/08/2020,11783.28341
16/08/2020,11895.62695
17/08/2020,11896.94717
18/08/2020,12399.11188
19/08/2020,12071.73891
20/08/2020,11749.82951
21/08/2020,11833.89735
22/08/2020,11583.13894
23/08/2020,11674.62435
24/08/2020,11666.41012
25/08/2020,11744.0127
26/08/2020,11378.72603
27/08/2020,11458.8226
28/08/2020,11302.12096
29/08/2020,11482.22569
30/08/2020,11515.04443
31/08/2020,11657.00393
01/09/2020,11678.37326
02/09/2020,11964.20867
03/09/2020,11427.7026
04/09/2020,10712.92065
05/09/2020,10563.89694
06/09/2020,10042.85485
07/09/2020,10207.605
08/09/2020,10381.77611
09/09/2020,10043.19644
10/09/2020,10268.46092
11/09/2020,10341.01598
12/09/2020,10380.5396
13/09/2020,10436.36541
14/09/2020,10313.06858
15/09/2020,10680.29756
16/09/2020,10829.50531
17/09/2020,11033.38353
18/09/2020,10937.11126
19/09/2020,10933.93116
20/09/2020,11048.87928
21/09/2020,10852.91014
22/09/2020,10526.20289
23/09/2020,10531.16456
24/09/2020,10260.03301
25/09/2020,10672.95681
26/09/2020,10729.06961
27/09/2020,10741.47647
28/09/2020,10752.34545
29/09/2020,10863.06572
30/09/2020,10764.28437
01/10/2020,10741.57955
02/10/2020,10626.60096
03/10/2020,10567.3302
04/10/2020,10555.02868
05/10/2020,10660.61118
06/10/2020,10756.40458
07/10/2020,10589.62639
08/10/2020,10645.75479
09/10/2020,10897.59543
10/10/2020,11052.39508
11/10/2020,11360.85272
12/10/2020,11334.02674
13/10/2020,11666.2117
14/10/2020,11443.73279
15/10/2020,11395.54737
16/10/2020,11504.54901
17/10/2020,11355.16044
18/10/2020,11358.70638
19/10/2020,11471.00255
20/10/2020,11776.593
21/10/2020,11936.36291
22/10/2020,13102.93446
23/10/2020,13140.66928
24/10/2020,12933.82357
25/10/2020,13008.45326
26/10/2020,13033.52427
27/10/2020,13721.28222
28/10/2020,13282.26035
29/10/2020,13467.73178
30/10/2020,13573.7105
31/10/2020,13891.21683
01/11/2020,13730.19731
02/11/2020,13633.69822
03/11/2020,13832.93841
04/11/2020,14163.97682
05/11/2020,15424.52768
06/11/2020,15540.59659
07/11/2020,14783.98168
08/11/2020,15500.33425
09/11/2020,15283.78014
10/11/2020,15374.04439
11/11/2020,15820.49524
12/11/2020,16253.31027
13/11/2020,16347.04492
14/11/2020,15991.83302
15/11/2020,15918.08013
16/11/2020,16752.00299
17/11/2020,17593.48641
18/11/2020,17834.63653
19/11/2020,17954.85801
20/11/2020,18612.87067
21/11/2020,18591.8566
22/11/2020,18629.99554
23/11/2020,18469.20047
24/11/2020,19045.73647
25/11/2020,18746.93481
26/11/2020,17187.40628
27/11/2020,17023.9614
28/11/2020,17814.78028
29/11/2020,18114.41435
30/11/2020,19382.36059
01/12/2020,18980.97745
02/12/2020,19184.89785
03/12/2020,19464.5317
04/12/2020,18813.12476
05/12/2020,19045.02027
06/12/2020,19113.9334
07/12/2020,19107.5998
08/12/2020,18682.45783
09/12/2020,18543.00705
10/12/2020,18359.4766
11/12/2020,18137.31937
12/12/2020,18882.26017
13/12/2020,19060.2769
14/12/2020,19251.224
15/12/2020,19443.47635
16/12/2020,21310.65626
17/12/2020,22895.97624
18/12/2020,23008.77626
19/12/2020,23890.82265
20/12/2020,23537.36989
21/12/2020,23177.271
22/12/2020,23433.98076
23/12/2020,23224.45414
24/12/2020,23623.88553
25/12/2020,24581.00617
26/12/2020,26381.29623
27/12/2020,26389.29026
28/12/2020,26718.02946
29/12/2020,26975.72956
30/12/2020,28768.83621
31/12/2020,29111.52157
01/01/2021,29333.60512
02/01/2021,32154.16736
03/01/2021,33002.53643
04/01/2021,31431.61228
05/01/2021,34433.60651
06/01/2021,36275.75635
07/01/2021,39713.50786
08/01/2021,40519.4486
09/01/2021,40258.92399
10/01/2021,38709.76537
11/01/2021,34409.64238
12/01/2021,34214.61026
13/01/2021,37017.0075
14/01/2021,38435.86351
15/01/2021,36751.58497
16/01/2021,36016.77961
17/01/2021,36375.81138
18/01/2021,36346.6095
19/01/2021,36577.51965
20/01/2021,35004.53263
21/01/2021,30606.18268
22/01/2021,33368.36593
23/01/2021,32070.09743
24/01/2021,32285.72613
25/01/2021,32500.25596
26/01/2021,32324.55565
27/01/2021,30534.99937
28/01/2021,33408.21834
29/01/2021,34842.55739
30/01/2021,34622.37323
31/01/2021,33087.36986
01/02/2021,33613.32076
02/02/2021,35632.90195
03/02/2021,37397.42636
04/02/2021,37256.25211
05/02/2021,37851.59659
06/02/2021,40302.79979
07/02/2021,38461.6814
08/02/2021,44716.68547
09/02/2021,46674.85169
10/02/2021,45237.47569
11/02/2021,47500.89752
12/02/2021,47884.18286
13/02/2021,47005.19065
14/02/2021,49151.16758
15/02/2021,48125.9922
16/02/2021,48840.41447
17/02/2021,52165.30256
18/02/2021,51728.5088
19/02/2021,55719.20436
20/02/2021,54801.64864
21/02/2021,57128.64261
22/02/2021,54181.91465
23/02/2021,48172.87748
24/02/2021,48745.43298
25/02/2021,48291.41208
26/02/2021,45752.11492
27/02/2021,46642.60608
28/02/2021,45092.80657
01/03/2021,49248.91401
02/03/2021,47900.77688
03/03/2021,50811.85517
04/03/2021,48259.48708
05/03/2021,49149.73083
06/03/2021,48879.1519
07/03/2021,50594.69857
08/03/2021,51503.25813
09/03/2021,54458.03781
10/03/2021,56915.17394
11/03/2021,57636.75796
12/03/2021,57306.16626
13/03/2021,60743.04182
14/03/2021,60197.90199
15/03/2021,56300.33411
16/03/2021,56639.78395
17/03/2021,58567.28378
18/03/2021,57983.09474
19/03/2021,58451.73147
20/03/2021,58593.60245
21/03/2021,57796.46737
22/03/2021,54329.35863
23/03/2021,54794.29771
